Notes:
"When exporting your connection data, you may notice that some of the email addresses are missing. You will only see email addresses for connections who have allowed their connections to see or download their email address using this setting https://www.linkedin.com/psettings/privacy/email. You can learn more here https://www.linkedin.com/help/linkedin/answer/261"

First Name,Last Name,URL,Email Address,Company,Position,Connected On
Danish,Aiman,https://www.linkedin.com/in/danish-aiman-09b599278,,Khalifa University,Associate Engineering Researcher (Biochemical and Materials Engineering),24 Jul 2023
Izzat,Zainir,https://www.linkedin.com/in/izzat-zainir,,Lemon Sky,Software Developer,28 Jun 2023
Kelly,Seow,https://www.linkedin.com/in/kellyseow,,"Schneider Electric, Malaysia","Malaysia Team Lead, Talent Acquisition Malaysia ",16 Jun 2023
Karim,Elbishouty,https://www.linkedin.com/in/karim-elbishouty-8952a8260,,,,12 Jun 2023
Yong Tao,SEOW,https://www.linkedin.com/in/yong-tao-seow-aa0049162,,KPMG Malaysia,Data Engineer,06 Jun 2023
Amsyar,Razali,https://www.linkedin.com/in/muhd-danial-amsyar,,,,20 May 2023
,,,,,,17 Oct 2022
Betty ,K,https://www.linkedin.com/in/betty-k-91b10620a,,Uvo tech,Academic Writer,16 Apr 2022
Tracy,Wong,https://www.linkedin.com/in/tracywongql,,SoftwareONE,Regional HR Business Partner ,16 Apr 2022
Jian Xin,Tan,https://www.linkedin.com/in/jxtan7,,Heavenly Desserts UK,Front of House Member,28 Mar 2022
Yuan Hui,Chan,https://www.linkedin.com/in/yuan-hui-chan-16b359207,,,,28 Mar 2022
Bryan ZeHao,Ling,https://www.linkedin.com/in/bryan-zehao-ling-,,Juris Technologies,Software Engineer Intern,28 Mar 2022
Adam Hakim,bin Mohamad Rodzi,https://www.linkedin.com/in/adam-hakim-bin-mohamad-rodzi-ab8318161,,,,28 Mar 2022
Khai Hin,Wong,https://www.linkedin.com/in/khai-hin-wong-aa74141ba,,,,28 Mar 2022
Peter,Yeoh,https://www.linkedin.com/in/peter-yeoh-541674235,,University of Nottingham Malaysia,Volunteer,28 Mar 2022
Sze-Ker,Chew,https://www.linkedin.com/in/sze-ker-chew-a21b69aa,,University of Nottingham Malaysia Campus,Assistant Professor,03 Jun 2021
Abhinav,George Basil,https://www.linkedin.com/in/agb2k,,MoneyLion,Software Engineer,13 Apr 2021
Chew,Boon Zhan,https://www.linkedin.com/in/chew-boon-zhan,,Grab,Fullstack Engineer,19 Feb 2021
Jing Ren ,Ong ,https://www.linkedin.com/in/jingrenong,,Azam Sehasrat Sdn .Bhd. ,Head of Finance Department,14 Feb 2021
Loo Yang Shen,Jason,https://www.linkedin.com/in/looyangshenjason,,Air Liquide,Data Acceleration Analyst Intern,04 Jan 2021
Dr. Dyuty,Firoz,https://www.linkedin.com/in/dr-dyuty-f-87942514b,,Taylor's University,PhD Student and Researcher,26 Nov 2020
UNM,Careers,https://www.linkedin.com/in/unmcareers,,The University of Nottingham Malaysia Campus,Careers Advisory Service (CAS),26 Mar 2020